Spam	Total_Capital_Letters	Percent_Word_Money_Freq	Percent_Character_#_Freq
1	33	0	0
1	82	0	0
1	165	0	0
1	1410	0.08	0.012
1	381	0	0
1	140	0	0
1	279	0	0.26
1	1045	0.26	0.05
1	364	0	0.064
1	71	0	0
1	1991	0.53	0.028
1	117	0.87	0
1	131	0	0
1	3116	0.7	0.011
1	660	1.36	0.025
1	43	0	0
1	1280	0.06	0.202
1	61	0	0
1	120	0	0
1	110	0	0
1	63	0	0
1	64	0	0
1	259	0	0
1	1509	0.11	0.21
1	535	0.09	0.031
1	137	0	0
1	368	0.44	0.102
1	151	0	0
1	368	0.44	0.102
1	2220	0.6	0.11
1	490	0	0.478
1	116	0	0
1	114	0	0
1	261	0.4	0
1	113	0	0
1	60	0	0
1	62	0	0
1	381	0	0
1	64	0.9	0
1	25	0	0
1	555	0	0.153
1	126	0	0.285
1	250	0.42	0.023
1	46	0	0
1	108	0.55	0
1	2	12.5	0
1	151	0	0
1	21	1.47	0
1	339	0.26	0
1	59	0	0
1	118	0	0
1	565	0.61	0
1	18	0	0
1	32	0	0
1	2426	0.54	0.132
1	386	0.84	0
1	441	0.66	0
1	328	0.34	3.879
1	981	1.03	0.092
1	222	0.78	0
1	549	0	0
1	96	0.68	0
1	149	0.32	0
1	158	0	0
1	134	0	0
1	134	0	0
1	44	0	0
1	62	0	0
1	400	0	0
1	2771	0.52	0.132
1	94	0	0.432
1	81	0	0
1	92	0	0.466
1	231	0	0
1	83	0.51	0
1	632	1.38	0.025
1	632	1.38	0.025
1	632	1.38	0.025
1	62	0	0
1	85	0	0
1	757	0.55	0
1	2761	0	0
1	542	0.09	0.03
1	726	0.55	0
1	632	1.38	0.025
1	1319	0	0
1	94	0	0
1	178	0.47	0
1	48	0	0
1	36	0	0
1	53	0	0
1	385	0.22	0.019
1	124	0	0
1	302	0	0
1	309	0	0
1	1592	1.14	0.016
1	30	0	0
1	111	0	0
1	74	0	0
1	62	0.9	0
1	3269	0.35	0.165
1	75	0.79	0
1	58	0	0.096
1	621	0.34	0
1	358	0.25	0.134
1	150	0	0.107
1	87	0	0.45
1	125	0	0
1	72	0.71	0
1	528	0.09	0.03
1	666	0.45	0
1	133	0	0
1	1351	0.1	0.015
1	666	0.45	0
1	2184	0.46	0.127
1	114	0	0
1	391	0.22	0.078
1	30	0	0
1	69	0	0
1	53	0	0
1	261	0	1.126
1	54	0	0
1	36	0	0
1	870	0.29	0.029
1	50	0	0
1	365	0.49	0
1	270	0	0
1	106	0	0
1	177	0	0.177
1	134	0	0
1	1043	0.3	0.032
1	13	0	0
1	2184	0.63	0.116
1	35	0	0
1	956	0	0.055
1	291	0	0
1	386	0.84	0
1	334	0	0
1	1107	0.34	0.027
1	157	0	0
1	137	0	0
1	108	0.42	0
1	280	0	0
1	293	0	0.144
1	84	0	0
1	46	2.04	0
1	277	0	0
1	91	0	0
1	1235	0	0.04
1	94	1.94	0
1	159	0	0
1	165	0	0
1	312	0	0
1	238	0	0
1	513	0	0.348
1	36	0.94	0
1	300	1.1	0
1	161	0	0
1	1057	0	0.041
1	70	0.57	0
1	160	0	0.062
1	3	0	0
1	991	0	0.067
1	3243	0.36	0.128
1	262	1.05	0
1	243	0	0
1	118	0	0
1	350	0	0
1	606	0.32	0
1	1096	0.26	0.889
1	125	0	0.439
1	640	0	0.012
1	1328	0	0
1	81	0	0
1	31	0	0
1	9088	0.04	0
1	189	0	0
1	111	0	0
1	1044	0.3	0.032
1	9090	0.04	0
1	3498	0.84	0.183
1	67	0	0
1	156	0.2	0
1	518	0.77	0
1	1481	0.72	0.326
1	707	0.31	0.012
1	2207	0.63	0.119
1	1613	0.76	0
1	24	0	0
1	86	0	0
1	86	0	0
1	86	0	0
1	125	0	0.439
1	199	0	0
1	127	0	0
1	1351	0.1	0.015
1	727	0.33	0.049
1	1112	0.93	0.039
1	1351	0.1	0.015
1	1589	0.31	0.036
1	1028	0.3	0.033
1	472	0	1.118
1	105	0	0
1	640	0	0
1	1046	0.3	0.033
1	49	0	0
1	977	0	0
1	509	0	0.035
1	93	0.74	0
1	499	0.49	0
1	1621	0.76	0
1	723	0.47	0.113
1	292	0	0
1	194	0	0
1	640	0	0
1	191	0	0
1	45	1.96	0
1	576	0.23	0
1	104	0.38	0
1	1349	0	0
1	1349	0	0
1	247	0	0
1	1351	0.1	0.015
1	1339	0.16	0.013
1	1339	0.16	0.026
1	38	0	0
1	228	0	0.166
1	97	0.39	0
1	38	0	0
1	264	0	0.122
1	141	0	0
1	521	0.05	0.03
1	222	0.65	0
1	1295	0.21	0
1	895	0	0.836
1	312	0	0
1	114	0	0
1	163	0	0
1	92	0	0
1	164	0	0
1	124	0	0
1	158	0	0
1	110	0	0
1	482	0	1.047
1	204	0	0
1	429	0	0.15
1	1478	0.18	0.013
1	2	0	0
1	158	0	0
1	224	0	0
1	349	0.28	3.423
1	44	0	0
1	247	0	0
1	234	0.65	0.103
1	260	0.16	0.052
1	264	0.16	0.05
1	260	0.17	0.053
1	173	0	0.186
1	813	0.26	0.115
1	237	0	0.394
1	258	0.16	0.053
1	101	0	0
1	166	0	0
1	452	0.28	0
1	158	0	0
1	753	1.5	0.014
1	54	0	0
1	42	0	0
1	363	0	1.625
1	460	0.05	0
1	506	0	0.539
1	131	0.44	0
1	228	0	0
1	75	0	0
1	63	0	0
1	179	0	0.072
1	113	0	0
1	197	0	0
1	1415	0.09	0.014
1	63	0	1.985
1	453	0.05	0
1	24	0	0
1	528	0.09	0.031
1	305	0	0
1	55	0	0
1	464	0.47	0
1	306	0	0
1	542	0.09	0.031
1	542	0.09	0.031
1	53	0	0
1	141	0	0
1	632	1.38	0.026
1	507	0.31	0.122
1	888	1.17	0.051
1	532	0	0
1	92	0	0
1	530	0.09	0.031
1	298	0.27	0
1	172	0	0
1	96	0.68	0
1	646	0	0.151
1	974	0.22	0.167
1	1412	0.08	0.013
1	80	0	0
1	555	0	0.158
1	152	2.45	0
1	1331	0	0
1	61	0	0
1	281	0	0
1	735	0	0.086
1	1330	0	0
1	530	0.09	0.031
1	1412	0.08	0.013
1	131	2.32	0
1	80	0	0
1	253	0	0
1	2370	0.57	0.113
1	675	0.81	0.018
1	275	0.67	0.107
1	742	0	0.084
1	742	0	0.084
1	535	0.09	0.032
1	125	0	0
1	356	0	0.293
1	125	0	0
1	1514	1.07	0.018
1	52	0	13.129
1	132	0	0.25
1	2213	0.61	0.119
1	268	0.84	0.03
1	159	0	0
1	566	0.09	0
1	131	0	0
1	131	0	0
1	131	0	0
1	1726	0.1	0.201
1	54	0	0
1	650	0.47	0
1	54	0	0
1	650	0.47	0
1	157	0.32	0
1	60	0	1.724
1	1426	0.2	0
1	3315	0	0
1	82	0	0
1	182	0	0
1	18	0	0
1	1342	0.19	0
1	106	0	0
1	537	0	0
1	529	0	0
1	1287	0.2	0.031
1	134	0	0
1	61	0	0
1	274	0.63	0.102
1	59	0	0
1	59	0	0
1	364	0	0.066
1	35	0	0
1	1458	0.19	0
1	339	0	0
1	521	0.14	0
1	875	0.27	0
1	79	0.37	0
1	94	0	1.882
1	425	0.37	0.058
1	425	0.37	0.058
1	24	0	0
1	145	0	0
1	536	0.05	0.03
1	364	0	0
1	267	0	0
1	564	0.67	0
1	368	0.19	0
1	264	0	0.149
1	15	0	0
1	5	0	0
1	48	0	0
1	748	0	0.083
1	744	0	0.084
1	162	0	0.459
1	972	0.22	0.167
1	57	1.28	0
1	571	0	0
1	744	0	0.084
1	744	0	0.084
1	144	0	0
1	144	0	0
1	1334	0	0
1	73	0	0
1	87	0	0
1	44	0	0
1	211	0.36	0
1	178	0	0
1	2224	0.59	0.112
1	125	0.62	0
1	409	0	0
1	294	0	0
1	291	0.27	0.582
1	54	1.31	0
1	54	1.31	0
1	33	0	0
1	363	0	0
1	20	0	0
1	9163	0.47	0.011
1	249	0	0
1	78	0	0
1	447	0.21	0.075
1	508	0	0.145
1	52	0	0
1	2333	0.54	0.136
1	909	0.61	0.029
1	80	0	0
1	54	1.31	0
1	70	0	0
1	249	0	0
1	119	0	0
1	139	0.32	0
1	937	0	0.437
1	175	0	0
1	139	0.32	0
1	139	0.32	0
1	113	0	0
1	603	0	1.068
1	115	0	0
1	93	0	0
1	150	0	0
1	495	0	1.121
1	115	0	0
1	113	0	0
1	2227	0.38	0.137
1	134	0	0
1	71	0	0
1	46	0	0
1	87	0	0
1	434	0	0
1	102	0	0
1	87	0	0
1	1312	0.05	0.009
1	1310	0.05	0.009
1	55	0	0
1	55	0	0
1	1180	0	0
1	1180	0	0
1	1178	0	0
1	339	0	0
1	277	0	0
1	71	0.65	0
1	339	0	0
1	277	0	0
1	281	0.6	0.096
1	139	0.32	0
1	1402	0.08	0.013
1	621	0	0.134
1	139	0	0
1	139	0	0
1	139	0	0
1	139	0	0
1	57	0	0
1	101	0.65	0
1	885	0	0.35
1	44	0	0.237
1	53	1.29	0
1	3271	0	0.018
1	132	0	0
1	132	0	0
1	119	0	0
1	273	0	0.381
1	119	0	0
1	446	1.23	0.144
1	543	0	0
1	242	0.71	0
1	543	0	0
1	622	0	0.191
1	43	0	0.26
1	43	0	0.236
1	1038	0.81	0.026
1	578	0.54	0
1	869	0	0.969
1	113	0	0
1	70	0	0
1	103	0	0.073
1	237	0.18	0
1	332	0	1.151
1	53	1.31	0
1	273	0	1.468
1	137	0	0
1	556	0	0.148
1	276	0.54	0.086
1	319	0	0.097
1	96	0	0
1	1351	0.1	0.015
1	189	0	0.651
1	271	0	0
1	65	0	0
1	445	0	0
1	445	0	0
1	445	0	0
1	79	0	0
1	767	0	0.081
1	773	0	0.081
1	773	0	0.081
1	301	0.82	0.132
1	757	0.09	0
1	53	1.31	0
1	53	1.31	0
1	201	0.6	0
1	219	0	0
1	736	0	0.066
1	107	4.41	0
1	109	4.41	0
1	94	0	0
1	95	0	0
1	736	0	0.067
1	757	0.09	0
1	736	0	0.066
1	427	0.3	0.025
1	208	0.3	0
1	1030	0.19	0.143
1	75	0	0
1	1310	0.05	0.009
1	95	0	0
1	325	0.44	0
1	109	0	0
1	1622	0.28	1.233
1	1351	0.1	0.015
1	107	0	0
1	36	0	0
1	183	0	0
1	272	0.52	0
1	139	0.32	0
1	139	0.32	0
1	1414	0.08	0.013
1	462	0.05	0
1	374	0	0.051
1	442	1.32	0.066
1	110	0	0
1	28	0	0
1	82	0	0
1	87	0	0
1	95	0.35	0
1	89	0.68	0
1	1130	0	0.043
1	432	0	0.031
1	37	0	0
1	77	0	1.342
1	375	0	0.083
1	1042	0.3	0.033
1	124	0	0
1	53	1.31	0
1	170	0	0.169
1	1313	0.05	0.009
1	302	0	0.185
1	162	0	0
1	447	0.06	0
1	2510	0	0.023
1	114	0.41	0
1	2923	0.24	0.151
1	1045	0.3	0.033
1	1324	0	1.584
1	53	1.31	0
1	261	0	0
1	104	0.38	0
1	16	0	0
1	703	0	0.023
1	160	0	0.17
1	157	0	0
1	65	0	0
1	621	0.33	0
1	740	0.19	0
1	54	0	0
1	454	0.05	0
1	227	0.27	0
1	64	0	0
1	386	0	0.082
1	387	0	0.082
1	144	0.31	0.054
1	96	0.34	0
1	164	0	0.183
1	379	0	0.081
1	477	0	0
1	629	0.22	0
1	428	0.29	0.024
1	795	0.07	0.01
1	144	0.31	0.054
1	144	0.31	0.054
1	467	0.05	0
1	186	0	0.077
1	114	0.41	0
1	535	0.34	0.065
1	323	0	0.233
1	12	0	0
1	1140	0.08	0
1	1140	0.08	0
1	89	1.04	0
1	274	0.58	0.14
1	440	0	1.083
1	192	0.4	0
1	233	0	0
1	1734	0.44	0
1	75	0	0
1	72	0	0
1	826	0.42	0
1	253	0	0
1	62	0	0
1	139	0	0.17
1	181	0	0
1	53	0	0
1	328	0.48	0
1	59	0	0
1	11	0	0
1	1261	0.18	0.294
1	196	0.6	0
1	44	0	0
1	1955	0.71	0
1	199	0.6	0
1	207	1.16	0
1	313	0	0
1	185	0.3	0.052
1	186	0.3	0.052
1	161	0.59	0
1	4128	0.46	0.124
1	207	1.16	0
1	184	0.3	0.052
1	184	0.3	0.052
1	392	0.23	0.089
1	204	0	0
1	9	0	0
1	264	0.24	0
1	264	0.24	0
1	526	0.34	0.065
1	179	0.43	0
1	179	0.43	0
1	274	0.58	0.14
1	50	0	0
1	75	0.36	0
1	543	0	0
1	574	0.08	0
1	566	0.52	0
1	3213	0.33	0.159
1	447	0.18	0
1	574	0.08	0
1	67	0	0
1	496	0	0
1	998	0	0.065
1	54	0	0
1	56	0	0
1	725	0.09	0
1	99	0.38	0
1	30	0	0
1	330	0	0
1	99	0.38	0
1	766	0	0
1	208	0.37	0
1	118	0	0
1	344	0.82	0
1	1645	0.04	0
1	344	0.82	0
1	85	1.42	0
1	314	0	0
1	50	0	0
1	3160	0.34	0.157
1	170	0	0
1	189	0	0
1	114	0.41	0
1	200	0	0
1	200	0	0
1	1000	0	0.065
1	711	0.51	0
1	477	0.12	0
1	83	0	0
1	3059	0.34	0.162
1	122	0	0
1	40	0	0
1	40	0	0
1	40	0	0
1	477	0	0.017
1	91	0.34	0
1	435	0	0
1	84	0	0
1	475	0.12	0
1	301	0	0
1	485	0.74	0
1	259	0.6	0
1	224	0.46	0
1	132	0	0
1	288	0	0
1	190	0.49	0
1	81	0	0
1	114	0	0
1	194	0	0
1	795	0.23	0.018
1	70	0	0
1	249	0	0
1	70	0	0
1	255	0.24	0
1	234	0	2.517
1	132	0	0
1	359	0	0
1	359	0	0
1	3016	0.31	0.145
1	40	0	0
1	1351	0.1	0.015
1	286	0	0
1	194	0	0
1	20	0	0
1	73	0	0
1	25	0	0
1	3029	0.34	0.154
1	143	0	0
1	450	0.23	0.046
1	441	0	0
1	92	0	0
1	361	0.29	0.047
1	247	0	0
1	238	0	0
1	234	0	0
1	78	0	0
1	3033	0.31	0.152
1	59	0	0
1	135	0.64	0
1	135	0.64	0
1	135	0.64	0
1	418	0	0.067
1	426	0.2	0.306
1	79	0	0
1	3043	0.34	0.159
1	78	0	0
1	186	0.63	0
1	195	0	0
1	78	0	0
1	107	0	0
1	414	0	0
1	222	0	0
1	62	0	0
1	195	0.12	0
1	877	0.29	0.031
1	161	0	0
1	305	1.09	0
1	425	0	0.03
1	329	0.09	0
1	197	0	0
1	197	0	0
1	207	0	0
1	174	0	0
1	171	0	0
1	171	0	0
1	142	0	0.126
1	202	0	0
1	249	0.72	0
1	249	0.84	0
1	249	0.72	0
1	505	0	0
1	1107	0.34	0.027
1	103	0.71	0
1	51	0	0
1	84	0	0
1	166	0	0
1	25	0	0
1	135	0	0.064
1	140	0	0
1	281	0.69	0
1	140	0	0
1	140	0	0
1	142	0	0
1	83	0	0
1	1351	0.1	0.015
1	146	0	0
1	1351	0.1	0.015
1	617	0.17	0
1	138	0	0
1	98	0	0.091
1	458	0.05	0
1	336	0.17	0
1	42	0	0
1	1214	0.2	0.014
1	142	0	0
1	475	0.12	0
1	475	0.12	0
1	1689	0.68	0.034
1	1516	0.72	0.033
1	212	0	0
1	106	0	0.479
1	458	0.05	0
1	188	0	0
1	1514	0.72	0.033
1	993	0.39	0
1	114	0	0
1	724	0.1	0
1	112	0.39	0
1	115	0	0
1	405	0	0
1	188	0	0
1	106	0	19.829
1	263	0	0
1	201	0	0
1	229	0	0.07
1	123	0	0
1	42	0	0
1	32	0	0
1	81	0	0
1	81	0	0
1	504	0.83	0.019
1	1375	0.17	0.013
1	1042	0.3	0.032
1	215	0	0
1	1200	0.2	0.014
1	281	0	0
1	135	0	0
1	152	0	0.11
1	62	0.9	0
1	145	0	0
1	464	0.47	0
1	3313	0.57	0.159
1	3327	0.57	0.159
1	341	0	0
1	85	0	0
1	3220	0.17	0
1	667	0.41	0.095
1	164	0.54	0
1	632	1.38	0.026
1	45	0	0
1	819	0.18	0.11
1	81	0	0
1	222	0.78	0
1	328	0.34	4.008
1	45	0	0
1	557	0	0
1	339	0	0
1	343	0	0
1	78	1.88	0
1	25	6.66	0
1	78	1.88	0
1	25	6.66	0
1	78	1.88	0
1	25	6.66	0
1	381	0	0
1	74	0	0
1	157	0	0
1	217	0	0
1	903	0.17	0.63
1	69	0	0.228
1	328	0	0.187
1	75	0	0
1	535	0.09	0.032
1	478	0.98	0.02
1	478	0.98	0.02
1	81	0	0
1	667	1.46	0
1	566	0.09	0
1	272	0.38	0
1	215	0	0
1	131	0	0
1	1509	0.11	0.217
1	140	0	0
1	1655	0	0.928
1	1426	0.2	0
1	2424	0.46	0.133
1	318	0	0
1	1426	0.2	0
1	1407	0.08	0.013
1	753	0.09	0
1	17	0	0
1	1439	0.2	0
1	121	0	0
1	104	0	0
1	2049	0.08	0.329
1	2045	0.08	0.33
1	41	0	0
1	122	0	0
1	1458	0.19	0
1	79	0	0
1	125	0	0.517
1	488	0	0
1	595	0.49	2.29
1	205	0	0.08
1	38	0	0
1	87	0	0
1	235	0	0
1	553	0.42	0.177
1	210	0	0
1	292	0	0.033
1	42	0	0
1	115	0	0
1	65	0	0
1	2501	0.52	0.109
1	167	0	0.053
1	3752	0	0.01
1	11	0	0
1	15	0	0
1	326	0.14	0
1	479	0.96	0
1	226	0	0
1	135	0	0
1	234	0	0.046
1	254	0	0
1	113	0	0.054
1	155	0	0
1	241	0	0
1	40	0	0
1	44	0	0
1	1078	0	1.051
1	44	0	0
1	225	0	0.041
1	270	0.25	0
1	99	0.7	0.122
1	174	0	0.089
1	249	0	0
1	60	0	0
1	78	0	0
1	3210	0.51	0.144
1	34	0	0
1	13	0	0
1	80	0	0
1	148	0.19	0
1	159	0	0
1	3318	0	0
1	1351	0.1	0.015
1	288	0	0
1	133	0	0
1	136	0	0
1	248	0	0
1	82	0	0
1	1407	0.08	0.013
1	69	0	0
1	102	0.58	0
1	3084	0.77	0.162
1	319	0	0
1	753	0.09	0
1	113	0	0
1	118	0	0
1	50	0	0
1	81	1.14	0
1	79	0	0
1	166	0.4	0
1	74	0.6	0
1	578	0	0.04
1	1070	0.76	0.065
1	513	0	0.088
1	119	0.42	0
1	73	0.62	0
1	1161	0	0
1	116	0	0
1	380	0.07	0
1	479	0.96	0
1	851	0	0.123
1	30	0	0.349
1	2218	0.46	0.126
1	1029	0.3	0.017
1	108	0	0
1	872	0.29	0.03
1	138	0.71	0
1	896	0.3	0.05
1	150	0	0
1	771	0	0
1	40	0	0
1	149	0	0.124
1	36	0	0
1	80	0	0
1	189	1.4	0
1	87	0	0
1	78	0	0
1	137	0	0
1	36	0	0.304
1	1643	0.6	0
1	76	0	0
1	341	0.28	0.166
1	1148	0.38	0
1	190	0	0
1	1144	0	0.024
1	160	0.38	0
1	158	0.32	0.029
1	195	0	0
1	1133	0.4	0
1	617	0.8	0.008
1	1365	0.19	0.015
1	89	0	0
1	59	0	0
1	16	0	0
1	981	0.34	0.11
1	1214	0.17	0.026
1	359	0.53	0
1	543	0	0
1	40	4.16	0
1	506	0	0
1	578	0.54	0
1	333	0.08	0
1	55	1.29	0
1	15841	0	0.003
1	303	1.36	0
1	31	0	0
1	65	0	0
1	473	0	0.08
1	107	0	0
1	899	0	0.062
1	319	0	0.097
1	97	0	0
1	135	0	0
1	217	0	0
1	242	0	0
1	183	0	0
1	93	0	0
1	36	0	0
1	539	0.16	0.009
1	69	0	0
1	666	0	0
1	72	0	0
1	419	0	0.235
1	139	0	0
1	375	0	0.083
1	124	0	0
1	104	0	0
1	305	0	1.56
1	77	0	0
1	107	0	0
1	218	0	0
1	616	0	0
1	69	0	0
1	781	0.33	0.028
1	261	0	0
1	94	0	0
1	17	0	0
1	66	0	0
1	966	0.7	0
1	94	0	0
1	160	0	0.27
1	85	0	0
1	180	0	0.268
1	721	0.33	0.05
1	387	0	0.082
1	109	0	0
1	126	0	0
1	45	0	0
1	61	0	0
1	801	0.3	0
1	16	0	0
1	165	0.32	0
1	16	0	0
1	46	0	0
1	3498	0.84	0.182
1	49	0	0
1	121	0	0
1	264	0.07	0
1	180	0	0
1	186	0	0
1	41	0.41	0
1	217	0.29	0
1	1244	0	0.021
1	575	0.08	0
1	798	1.11	0.142
1	297	0	0
1	2288	0.32	0.025
1	153	0.44	0.075
1	179	0.43	0
1	38	0	0.518
1	10	0	0
1	63	0	0
1	191	0	0
1	566	0.52	0
1	159	0	0
1	72	0	0
1	190	0	0
1	48	0	0
1	23	0	0
1	82	0	0
1	94	0	0
1	162	0	0
1	72	0	0
1	1590	1.08	0.022
1	771	0	0
1	329	1.07	0.998
1	530	0	0
1	158	0	0
1	287	0	0
1	530	0	0
1	57	0	0
1	921	0.77	0.054
1	243	0	0
1	1345	0.08	0.014
1	468	0.26	0
1	134	0	0
1	29	0	0
1	363	0	0.226
1	190	0	0
1	112	0	0
1	104	0	0
1	80	0.38	0
1	311	0	0.446
1	125	0.52	0
1	196	0.32	0
1	21	0	0
1	150	5.98	0
1	921	0.77	0.054
1	87	0	0
1	129	0	0
1	1500	0.6	0
1	524	0	0
1	185	0.6	0
1	771	0	0
1	1484	0	0.412
1	640	0.74	0.008
1	216	0.28	0
1	219	0.27	0
1	508	0	0
1	921	0.77	0.054
1	1613	0.76	0
1	185	0.6	0
1	922	0.77	0.054
1	240	0	0
1	208	0	0
1	127	0	0.465
1	921	0.77	0.054
1	898	0.29	0.047
1	898	0.29	0.047
1	170	0	0
1	228	0	0
1	145	0	0
1	504	0	0
1	93	0.59	0
1	921	0.77	0.054
1	1123	0.43	0
1	125	0	0
1	313	0.85	0
1	95	0	0
1	160	0.38	0
1	80	0	0
1	1444	0	0.686
1	3498	0.84	0.182
1	533	0	0
1	129	1.2	0.052
1	10	9.09	0
1	122	0	0
1	106	0	0
1	137	0	0
1	608	0.27	0.065
1	481	0	0
1	492	0	0
1	505	0	0
1	814	0.29	0.015
1	3498	0.84	0.182
1	34	0	0
1	51	0	0
1	303	0	0.072
1	352	0	0.043
1	728	0.22	0.028
1	53	0	0
1	45	0	0
1	728	0.22	0.028
1	1609	0	0.253
1	110	0	0
1	133	0	0.074
1	1123	0.43	0
1	196	1.41	0
1	3303	0.56	0.266
1	990	0	0
1	746	0.12	0
1	617	0.8	0.008
1	184	0	0
1	100	0	0
1	137	0	0
1	353	0.4	0
1	3214	0.17	0
1	2062	0.28	0.062
1	379	0	0
1	897	0.5	0
1	158	0.32	0.029
1	67	0	0
1	532	0	0
1	292	0	0
1	186	0	0
1	461	0.24	0.109
1	168	0	0
1	186	0.3	0
1	3525	0.34	0.07
1	99	0	0
1	126	0	0
1	47	0	0
1	161	0	0
1	712	1.14	0.095
1	400	0.22	0.028
1	32	0	0
1	1575	0.26	0.034
1	979	0.34	0.11
1	469	0.43	0
1	981	0.34	0.11
1	886	0.26	1.157
1	49	0	0
1	92	0	0
1	253	0	0.03
1	95	0	0
1	162	0	0
1	755	0.09	0
1	352	0.55	0.045
1	1360	0.46	0.335
1	208	0	1.57
1	42	0	0
1	111	0	0
1	33	0	0
1	247	0.29	0
1	396	0.28	0.046
1	7	0	0
1	713	1.14	0.095
1	966	0.35	0.113
1	701	1.14	0.096
1	1360	0.46	0.335
1	78	0	0
1	255	0	0.676
1	13	0	0
1	968	0.35	0.113
1	118	0	0
1	153	0	0
1	186	0	0
1	768	0.09	0
1	1163	0.29	0.279
1	240	0	0
1	45	0	0
1	1449	0.34	0.04
1	61	0	0.19
1	929	0.26	0.111
1	43	0	0
1	237	0	0.103
1	106	0	0.199
1	241	0	0
1	208	0	0
1	112	0	0
1	112	0	0
1	26	0	0
1	384	0	0
1	41	0	0
1	603	0	0
1	84	0	0
1	447	0.49	0.088
1	2379	0.59	0.114
1	79	0	0
1	115	0	0
1	78	0	0
1	113	0	0
1	1043	0.3	0.033
1	186	0.3	0
1	82	0	0
1	118	0	0
1	239	0	0
1	877	0.29	0.031
1	41	0	0
1	72	0	0
1	27	0	0
1	56	0	0
1	181	0	0
1	108	0	0
1	19	0	0
1	196	0	0
1	31	0	0
1	211	0	0
1	10062	0	1.998
1	1042	0.3	0.033
1	565	0	0.086
1	153	1.61	0.138
1	183	0	0
1	700	0.3	0
1	446	0.5	0.089
1	742	0	0
1	93	0.74	0
1	4	0	0
1	1339	0.17	0.013
1	717	0.48	0.116
1	93	0	0
1	756	0.09	0
1	95	0	0
1	143	0	0
1	1466	0.16	0.012
1	99	0	0
1	727	0.48	0
1	1478	0.18	0.013
1	97	0.4	0
1	30	0	0
1	28	0	0
1	501	0.43	0.128
1	69	0	0
1	164	0.5	0
1	344	0	0
1	3498	0.84	0.182
1	147	0	0
1	186	0	0
1	858	0	0.026
1	1603	0.21	0.639
1	225	1.01	0
1	53	0	0.154
1	319	0.08	0
1	344	0	0
1	150	0	0.763
1	52	0	0
1	1351	0.1	0.015
1	318	0.41	0
1	177	0	0.185
1	608	0	0
1	133	0.93	0
1	430	0.45	0.033
1	1118	0.54	1.41
1	325	0.38	0
1	79	0	0
1	63	0	0
1	79	0	0
1	78	0	0
1	55	0	0
1	168	0	0
1	96	0.68	0
1	1351	0.1	0.015
1	227	0	0
1	182	0	0.038
1	74	0.79	0
1	258	0.38	0
1	101	0	0
1	1003	0.1	0.049
0	431	0	0
0	177	0	0
0	69	0	0.105
0	1763	0	0
0	16	0	0
0	68	0	0
0	80	0	0
0	97	0	0
0	104	0	0
0	913	0	0.012
0	30	0	0
0	67	0	0
0	110	0	0.087
0	103	0	0.095
0	60	0	0
0	114	0	0
0	535	0	0
0	628	0	0
0	23	0	0
0	815	0	0
0	331	0	0
0	331	0	0
0	6	0	0
0	62	0	0
0	36	0	0
0	31	0	0
0	126	0	0
0	17	0	0
0	53	0	0
0	540	0	0
0	27	0	0
0	81	0	0
0	3168	0	0
0	3	0	0
0	42	0	0
0	40	0	0
0	23	0	0
0	19	0	0
0	139	0	0.13
0	133	0	0
0	24	0	0
0	53	0	0
0	28	0	0
0	9	0	0
0	31	0	0
0	64	0	0
0	55	0	0
0	395	0	0
0	167	0	0
0	148	0	0
0	212	0	0
0	15	0	0
0	38	0	0
0	13	0	0
0	41	0	0
0	79	0.77	0
0	26	0	0
0	208	0	0.113
0	33	0	0
0	25	0	0
0	67	0	0
0	307	0	0
0	428	0	0
0	53	0	0
0	16	0	0
0	171	0	0
0	566	0	0
0	63	0	0
0	27	0	0
0	67	0	0
0	25	0	0
0	65	0	0
0	53	0	0
0	29	0	0
0	153	0	0
0	13	0	0
0	28	0	0
0	36	0	0
0	249	0	0
0	1026	0.05	0
0	897	0.06	0
0	89	0	0
0	89	0	0
0	17	0	0
0	140	0	0
0	26	0	0
0	90	0	0.161
0	161	0	0.071
0	270	0	0
0	41	0	0
0	38	0	0
0	126	0	0
0	188	0	0
0	68	0	0
0	30	0	0
0	125	0	0
0	140	0	0
0	18	0	0
0	59	0	0
0	150	0	0.081
0	14	0	0
0	855	0	0
0	21	0	0
0	125	0	0
0	16	0	0
0	227	0	0
0	145	0	0
0	94	0	0
0	180	0	0
0	645	0	0
0	1386	0	0
0	39	0	0.216
0	118	0	0
0	127	0	0.111
0	18	0	0
0	40	0	0.203
0	17	0	0
0	4	0	0
0	129	0	0.076
0	336	0	0
0	20	0	0
0	69	0	0
0	79	0	0
0	29	0	0
0	37	0	0
0	24	0	0
0	15	0	0
0	5	0	0
0	42	0	0
0	64	0	0
0	29	0	0
0	37	0	0
0	491	0	0
0	807	0	0
0	38	0	0
0	227	0	0
0	77	0	0
0	571	0	0
0	169	0	0.094
0	30	0	0
0	29	0	0
0	248	0	0
0	74	0	0
0	94	0	0.268
0	133	0	0.112
0	26	0	0
0	42	0	0.286
0	57	0	0.232
0	203	0	0
0	378	0	0
0	155	0	0
0	485	1.04	0
0	375	0	0.054
0	25	0	0
0	19	0	0
0	26	0	0
0	304	0	0
0	25	0	0
0	5	0	0
0	9	0	0
0	10	0	0
0	9	0	0
0	68	0	0
0	9	0	0
0	90	0	0
0	195	0	0.104
0	18	0	0
0	635	0	0
0	41	0	0
0	193	0	0
0	53	0	0
0	373	0	0
0	53	0	0
0	43	0	0
0	11	0	0
0	125	0	0
0	14	0	0
0	13	0	0
0	250	0	0.052
0	16	0	0
0	10	0	0
0	86	0	0
0	13	0	0
0	128	0	0
0	418	0	0
0	51	0	0
0	66	0	0
0	7	0	0
0	194	0.17	0
0	14	0	0
0	1003	0	0
0	16	0	0
0	216	0	0
0	71	0	0
0	8	0	0
0	1108	0	0
0	116	0	0
0	5	0	0
0	22	0	0
0	85	0	0.041
0	21	0	0
0	8	0	0
0	13	0	0
0	127	0	0
0	93	0	0
0	239	0	0.083
0	25	0	0
0	214	0	0.09
0	5	0	0
0	131	0	0
0	119	0	0.395
0	61	0	0
0	21	1.6	0
0	30	0	0
0	5	0	0
0	38	0	0.396
0	50	0	0
0	200	0	0
0	100	0	0
0	104	0	0
0	115	0	0
0	128	0	0.128
0	97	0	0
0	434	0	0
0	21	0	0
0	601	0	0
0	89	0	0
0	45	0	0
0	24	0	0
0	113	0	0
0	84	0	0
0	155	0	0
0	196	0	0
0	37	0	0
0	102	0	0
0	70	0	0
0	111	0	0
0	47	0	0
0	64	0	0
0	73	0	0
0	101	0	0
0	90	0	0.215
0	47	0	0
0	20	0	0
0	6	0	0
0	139	0	0
0	23	0	0
0	14	0	0
0	37	0	0
0	36	0	0
0	30	0	0
0	15	0	0
0	4	0	0
0	70	0	0
0	89	0	0
0	5	0	0
0	91	0	0
0	4	0	0
0	37	0	0
0	109	0	0
0	244	0	0
0	30	0	0
0	651	0	0
0	8	0	0
0	99	0	0
0	156	0	0
0	162	0	0.015
0	53	0	0
0	64	0	0
0	74	0	0
0	522	0	0
0	103	0	0
0	133	0	0
0	108	0	0
0	62	0	0
0	71	0	0
0	85	0	0
0	268	0	0
0	5	0	0
0	4	0	0
0	451	0	0
0	51	0	0.114
0	36	0	0.137
0	8	0	0
0	67	0	0
0	104	0	0
0	146	0	0
0	52	0	0
0	23	0	0
0	13	0	0
0	96	0	0
0	10	0	0
0	79	0	0
0	138	0	0
0	119	0	0
0	26	0	0
0	137	0	0
0	131	0	0
0	46	0	0
0	232	0	0
0	59	0	0
0	21	0	0
0	405	0	0
0	49	0	0
0	203	0	0
0	693	0	0
0	94	0	0
0	64	0	0
0	12	0	0
0	12	0	0
0	117	0	0
0	8	0	0
0	27	0	0
0	46	0	0
0	47	0	0
0	11	0	0
0	59	0	0
0	30	0	0
0	424	0	0
0	46	0	0
0	187	0	0
0	411	0.22	0
0	52	0	0
0	7	0	0
0	82	0	0
0	1479	0	0
0	200	0	0
0	178	0	0
0	178	0	0
0	178	0	0
0	145	0	0.054
0	15	0	0
0	32	0	0
0	67	0	0
0	12	0	0
0	72	0	0
0	59	0	0
0	751	0	0
0	20	0	0
0	41	0	0
0	14	0	0
0	257	0	0
0	24	0	0
0	17	0	0
0	82	0	0
0	133	0	0
0	238	0	0
0	123	0	0
0	95	0	0
0	346	0	0
0	39	0	0
0	115	0	0
0	300	0	0
0	1170	0	0
0	681	0	0
0	364	0	0
0	5	0	0
0	333	0	0
0	11	0	0
0	27	0	0
0	39	0	0
0	64	0	0
0	80	0	0
0	693	0	0
0	46	0	0
0	2631	0	0
0	17	0	0
0	10	0	0
0	693	0	0
0	42	0	0.147
0	98	0	0
0	154	0	0
0	107	0	0
0	121	0	0
0	29	0	0
0	13	0	0
0	19	0	0
0	341	0	0
0	50	0	0
0	153	0	0
0	7	0	0
0	45	0	0
0	11	0	0
0	30	0	0
0	106	0	0
0	8	0	0
0	28	0	0
0	63	0	0
0	76	0	0
0	57	0	0
0	37	0	0
0	4	0	0
0	65	0	0
0	35	0	0
0	25	0	0
0	120	0	0
0	286	0	0
0	36	0	0
0	694	0	0
0	44	0	0
0	238	0	0
0	1827	0	0
0	199	0	0
0	63	0	0
0	55	0	0
0	78	0	0
0	34	0	0
0	6	0	0
0	49	0	0
0	13	0	0
0	75	0	0
0	35	0	0
0	58	0	0
0	140	0	0
0	5	0	0
0	5	0	0
0	5	0	0
0	5	0	0
0	138	0	0
0	9	0	0
0	512	0	0
0	1192	0	0
0	34	0	0
0	377	0	0
0	81	0	0
0	194	0	0
0	40	0	0
0	367	0	0
0	3	0	0
0	27	0	0
0	124	0	0
0	103	0	0
0	178	0	0
0	17	0	0
0	116	0	0
0	13	0	0
0	21	0	0
0	50	0	0
0	5	0	0
0	15	0	0
0	1108	0	0
0	89	0	0
0	157	0	0.065
0	136	0	0
0	192	0	0.105
0	129	0	0.168
0	101	0	0
0	79	0	0.143
0	224	0	0.041
0	81	0	0
0	9	0	0
0	2349	0	0
0	16	0	0
0	8	0	0
0	1073	0	0
0	9	0	0
0	88	0	0
0	100	0	0
0	53	0	0
0	111	0	0
0	15	0	0
0	473	0	0
0	116	0	0.137
0	163	0	0
0	237	0	0
0	8	0	0
0	10	0	0
0	67	0	0
0	10	0	0
0	45	0	0
0	51	0	0
0	34	0	0
0	9	0	0
0	48	0	0
0	13	0	0
0	11	0	0
0	100	0	0
0	6	0	0
0	18	0	0
0	5	0	0
0	14	0	0
0	97	0	0
0	118	0	0
0	82	0	0
0	8	0	0
0	11	0	0
0	9	0	0
0	8	0	0
0	88	0	0
0	53	0	0
0	161	0	0
0	6	0	0
0	41	0	0
0	43	0	0
0	91	0	0
0	298	0	0
0	215	0	0
0	58	0	0
0	61	0	0
0	7	0	0
0	7	0	0
0	7	0	0
0	103	0	0
0	574	0	0
0	212	0	0
0	43	0	0
0	107	0	0
0	349	0	0
0	45	0	0
0	52	0	0
0	55	0	0
0	29	0	0
0	31	0	0
0	52	0	0
0	5	0	0
0	187	0	0
0	49	0	0
0	939	0.05	0.007
0	8	0	0
0	35	0	0
0	42	0	0
0	378	0	0
0	48	0	0
0	8	0	0
0	161	0	0
0	67	0	0
0	43	0	0
0	31	0	0
0	71	0	0
0	303	0	0
0	48	0	0
0	186	0	0
0	115	0	0
0	65	0	0
0	10	0	0
0	30	0	0
0	9	0	0
0	73	0	0
0	240	0	0
0	456	0	0
0	15	0	0
0	10	0	0
0	425	0.12	0
0	47	0	0
0	189	0	0
0	112	0	0
0	57	0	0
0	46	0	0
0	282	0	0
0	89	0	0
0	33	0	0
0	10	0	0
0	73	0	0
0	38	0	0
0	13	0	0
0	47	0	0
0	890	0	0
0	1617	0	0
0	204	0	0
0	2688	0	0
0	1345	0	0
0	47	0	0
0	47	0	0
0	61	0	0
0	3168	0.03	0.005
0	68	0	0
0	21	0	0
0	6	0	0
0	55	0	0
0	41	0	0
0	15	0	0
0	20	0	0
0	30	0	0
0	7	0	0
0	6	0	0
0	4	0	0
0	58	0	0
0	195	0	0
0	37	0	0
0	43	0	0
0	7	0	0
0	139	0	0
0	18	0	0
0	90	0	0
0	40	0	0
0	26	0	0
0	141	0	0
0	112	0	0
0	590	0	0
0	89	0	0
0	68	0	0
0	6	0	0
0	48	0	0
0	78	0	0
0	37	0	0
0	25	0	0
0	227	0	0.041
0	4	0	0
0	1738	0	0.004
0	160	0	0
0	112	0	0
0	4	0	0
0	38	0	0
0	315	0	0
0	638	0.33	0
0	95	0	0
0	122	0	0
0	147	0	0
0	190	0.13	0
0	34	0	0
0	30	0	0
0	61	0	0
0	8	0	0
0	211	0	0
0	2	0	0
0	29	0	0
0	317	0	0
0	36	0	0
0	168	0	0
0	77	0	0
0	71	0	0
0	1	0	0
0	6	0	0
0	54	0	0
0	909	0	0
0	678	0	0
0	880	0	0
0	1080	0	0
0	99	0	0
0	12	0	0
0	417	0.1	0
0	67	0	0
0	128	0	0
0	525	0	0
0	10	0	0
0	285	0	0
0	212	0	0.049
0	10	0	0
0	60	0	6.896
0	312	0	0
0	60	0	6.896
0	707	0	0
0	48	0	0
0	1589	0	0
0	40	0	0
0	500	0	0
0	38	0	0
0	28	0	0
0	110	0	0
0	22	0	0
0	255	0	0
0	98	0	0
0	38	0	0
0	41	0	0.925
0	23	1.73	0
0	283	0	0
0	219	0	0
0	52	0	0
0	156	0	0
0	61	0	0
0	511	0	0
0	40	0	0
0	11	0	0
0	48	0	0
0	321	0	0
0	183	0	0.037
0	29	0	0
0	209	0	0
0	20	0	0
0	38	0	0
0	30	0	0
0	90	0	0
0	57	0	0
0	1123	0	0
0	43	0	0
0	86	0	0
0	1787	0	0.006
0	31	0	0
0	274	0	0
0	211	0	0
0	183	0	0
0	75	0	0
0	38	0	0
0	153	0	0
0	144	0	0
0	55	0	0
0	322	0	0
0	54	0	0
0	38	0	0
0	6	0	0
0	155	0	0.026
0	91	0	0
0	53	0	0
0	10	0	0
0	1329	0	0
0	387	0	0
0	791	0	0
0	896	0	0
0	3334	0	0
0	205	0	0
0	22	0	0
0	113	0	0
0	64	0	0
0	24	0	0
0	25	0	0
0	164	0	0
0	38	0	0
0	38	0	0
0	74	0	0
0	119	0	0
0	641	0	0
0	44	0	0
0	130	0	0
0	90	0	0
0	95	0	0
0	92	0	0
0	2	0	0
0	15	0	0
0	408	0	0
0	8	0	0
0	20	0	0
0	37	0	0
0	37	0	0
0	13	0	0
0	7	0	0
0	45	0	0
0	87	0	0
0	3	0	0
0	227	0	0
0	1825	0	0
0	73	0	0
0	464	0	0
0	7	0	0
0	45	0	0
0	11	0	0
0	25	0	0
0	6	0	0
0	164	0	0.124
0	47	0	0
0	109	0	0
0	51	0	0.384
0	822	0	0.026
0	43	0	0
0	238	0	0.088
0	69	0	0
0	49	0	0
0	106	0	0
0	10	0	0
0	31	0	1.503
0	244	0	0
0	167	0	0
0	378	0	0
0	152	0	0
0	18	0	0
0	80	0	0
0	26	0	0
0	2015	0	0
0	89	0	0
0	127	0	0
0	11	0	0
0	102	0	0
0	12	0	0
0	193	0	0
0	177	0	0.064
0	34	0	0
0	9	0	0
0	9	0	0
0	9	0	0
0	157	0	0.108
0	9	0	0
0	9	0	0
0	64	0	0.198
0	47	0	0
0	8	0	0
0	92	0	0
0	92	0	0
0	55	0	0
0	941	0	0.016
0	31	0	0.416
0	49	0	0
0	9	0	0
0	55	0	0
0	53	0	0
0	94	0	0.135
0	69	0	0
0	5	0	0
0	63	0	0
0	9	0	0
0	9	0	0
0	56	0	0
0	9	0	0
0	8	0	0
0	118	0	0
0	8	0	0
0	9	0	0
0	96	0	0
0	66	0	0
0	20	0	0
0	33	0	0
0	37	0	0
0	263	0	0
0	65	0	0
0	1131	0	0
0	239	0	0
0	9	0	0
0	49	0	0.307
0	9	0	0
0	9	0	0
0	9	0	0
0	9	0	0
0	9	0	0
0	8	0	0
0	8	0	0
0	9	0	0
0	9	0	0
0	9	0	0
0	9	0	0
0	9	0	0
0	9	0	0
0	9	0	0
0	9	0	0
0	9	0	0
0	9	0	0
0	7	0	0
0	9	0	0
0	9	0	0
0	9	0	0
0	9	0	0
0	9	0	0
0	9	0	0
0	9	0	0
0	9	0	0
0	4	0	0
0	5	0	0
0	13	0	0
0	15	0	0
0	4	0	0
0	1094	0	0
0	7	0	0
0	1232	0	0.074
0	12	0	0
0	1029	0	0.072
0	22	0	0
0	1122	0	0
0	43	0	0.268
0	1	0	0
0	267	0	0
0	67	0	0
0	74	0	0
0	47	0	0
0	82	0	0
0	1160	0	0.183
0	1	0	0
0	20	0	0
0	6	0	0
0	7	0	0
0	20	0	0
0	358	0	0.231
0	13	0	0
0	17	0	0
0	5	0	0
0	15	0	0
0	7	0	0
0	258	0	0
0	4	0	0
0	4	0	0
0	447	0	0.095
0	82	0	0
0	26	0	0
0	21	0	0
0	14	0	0
0	20	0	0
0	5395	0	0.002
0	36	0	0
0	58	0	0
0	31	0	0
0	18	0	0
0	37	0	0
0	5	0	0
0	601	0	0
0	297	0	0
0	17	0	0
0	49	0	0
0	617	0	0
0	12	0	0
0	6	0	0
0	2	0	0
0	172	0	0
0	172	0	0
0	173	0	0
0	45	0	0
0	175	0	0
0	29	0	0
0	772	0.16	0
0	1361	0	0.011
0	162	0	0
0	686	0	0
0	3086	0	0
0	1161	0	0
0	1090	0	0
0	910	0	0
0	163	0	0.047
0	7	0	0
0	40	0	0
0	101	0	0
0	37	0	0
0	33	0	0
0	138	0	0
0	114	0	0
0	12	0	0
0	78	0	0
0	37	0	0
0	53	0	0
0	238	0	0
0	51	0	0
0	4	0	0
0	5	0	0
0	6	0	0
0	54	0	0
0	85	0.56	0
0	65	0	0
0	5	0	0
0	10	0	0
0	41	0	0
0	35	0	0
0	3	0	0
0	38	0	0
0	65	0	0
0	42	0	0
0	13	0	0
0	12	0	0
0	148	0	0
0	30	0	0
0	4	0	0
0	112	0	0
0	139	0	0
0	21	0	0
0	16	0	0
0	164	0	0
0	168	0	0
0	15	0	0
0	156	0	0
0	167	0	0
0	1081	0	0
0	19	0	0
0	377	0	0
0	143	0	0
0	42	0.39	0
0	16	0	0
0	568	0	0
0	122	0	0
0	116	0	0
0	87	0	0
0	97	0	0
0	99	0	0
0	101	0	0
0	37	0	0
0	46	0	0
0	23	0	0
0	30	0	0
0	47	0	0.602
0	37	0	0
0	64	0	0
0	64	0	0
0	149	0	0.023
0	28	0	0
0	132	0	0.207
0	130	0	0.48
0	136	0	0
0	1303	0	0
0	113	0	0
0	86	0	0
0	143	0	0
0	62	0	0
0	963	0	0
0	4	0	0
0	1538	0	0.044
0	1	0	0
0	490	0	0
0	571	0	0
0	558	0	0
0	1758	0	0
0	71	0	0
0	19	0	0
0	26	0	0
0	3	0	0
0	685	0	0.053
0	5	0	0
0	10	0	0
0	227	0	0
0	33	0	0
0	215	0	0
0	117	0	0
0	17	0	0
0	19	0	0
0	59	0	0
0	278	0	0
0	168	0	0.022
0	7	0	0
0	35	0	0
0	56	0	0
0	81	0	0
0	30	0	0
0	430	0	0
0	72	0	0
0	372	0	0
0	72	0	0
0	31	0	0
0	20	0	0
0	19	0	0
0	13	0	0
0	40	0	0
0	139	0	0
0	432	0	0.063
0	210	0	0
0	206	0	0
0	552	0	0
0	24	0	0
0	37	0	0
0	14	0	0
0	904	0	0
0	26	0	0
0	41	0	0
0	18	0	0
0	17	0	0
0	204	0	0
0	598	0	0
0	338	0	0
0	1223	0	0.007
0	107	0	0
0	23	0	0
0	68	0	0
0	33	0	0
0	4	0	0
0	23	0	0
0	17	0	0
0	6	0	0
0	6	0	0
0	10	0	0
0	598	0	0
0	15	0	0
0	61	0	0
0	32	0	0
0	542	0	0
0	34	0	0
0	55	0	0
0	35	0	0
0	23	0	0
0	10	0	0
0	39	0	0
0	30	0	0
0	44	0	0
0	63	0	0
0	17	0	0
0	23	0	0
0	62	0	0
0	91	0	0
0	9	0	0
0	72	0	0
0	146	0.23	0.041
0	7	0	0
0	549	0	0
0	505	0	0
0	5	0	0
0	12	0	0
0	14	0	0
0	38	0	0
0	673	0	0
0	1423	0	0
0	715	0	0
0	46	0	0
0	576	0.07	0
0	15	0	0
0	48	0	0
0	133	0	0
0	19	0	0
0	14	0	0
0	26	0	0
0	372	0	0
0	262	0	0
0	110	0	0
0	84	0	0
0	179	0	1.043
0	5	0	0
0	20	0	0
0	45	0	0
0	15	0	0
0	375	0	0
0	2458	0	0.003
0	26	0	0
0	5	0	0
0	7	0	0
0	77	0	0
0	7	0	0
0	9	0	0
0	96	0	7.407
0	22	0	0
0	3	0	0
0	22	0	0
0	29	0	0
0	359	0	0
0	7	0	0
0	7	0	0
0	106	0	0
0	175	0	0
0	15	0	0
0	14	0	0
0	41	0	0
0	29	0	0
0	61	0	0
0	40	0	0
0	237	0	0
0	85	0	0
0	1356	0	0
0	10	0	0
0	95	0	0
0	76	0	0
0	10	0	0
0	50	0	0
0	16	0	0
0	193	0	0
0	49	0	0
0	43	0	0
0	418	0	0
0	53	0	0
0	23	0	0
0	47	0	0
0	41	0	0
0	114	0	0.365
0	20	0	0
0	199	0	0
0	142	0	0
0	8	0	0
0	18	0	0
0	132	0	0
0	11	0	0
0	31	0	0
0	9	0	0
0	411	0	0.084
0	39	0	0
0	600	0	0.052
0	198	0	0
0	85	0	0
0	29	0	0
0	28	0	0
0	142	0	0
0	9	0	0
0	12	0	0
0	64	0	0
0	130	0	0
0	665	0	0
0	78	0	0
0	28	0	0
0	115	0	0
0	420	0	0.062
0	58	0	0
0	15	0	0
0	14	0	0
0	7	0	0
0	83	0	0
0	9	0	0
0	11	0	0
0	5	0	0
0	230	0	0
0	5	0	0
0	8	0	0
0	13	0	0
0	103	0	0
0	148	0	0
0	168	0	0
0	51	0	0
0	653	0	0
0	17	0	0
0	112	0	0
0	28	0	0
0	44	0	0
0	105	0	0
0	32	0	0
0	7	0	0
0	6	0	0
0	251	0	0
0	25	0	0
0	201	0	0
0	6	0	0
0	146	0	0
0	156	0	0
0	26	0	0
0	26	0	0
0	37	0	0
0	48	0	0
0	317	0	0
0	321	0	0
0	319	0	0.062
0	391	0	0
0	577	0	0
0	76	0	0
0	82	0	0
0	377	0	0
0	319	0	0
0	89	0	0
0	155	0	0.072
0	156	0	0.071
0	129	0	0
0	129	0	0
0	260	0	0
0	380	0	0
0	184	0	0
0	14	0	0
0	69	0	0
0	5	0	0
0	4	0	0
0	311	0	0
0	37	0	0
0	888	0.06	0.009
0	552	0	0.042
0	64	0	0
0	5	0	0
0	16	0	0
0	46	0	0
0	35	0	0
0	52	0	0
0	10	0	0
0	94	0	0
0	4	0	0
0	40	0	0
0	6	0	0
0	270	0	0
0	276	0.84	0
0	466	0	0
0	112	0	0
0	507	0	0
0	3337	0	0.003
0	31	1.66	0.29
0	237	0	0
0	18	0	0
0	54	0	0
0	339	0	0
0	188	0	0
0	148	0	0
0	68	0	0
0	16	0	0
0	69	0	0
0	77	0	0
0	59	0	0
0	22	0	0
0	395	0	0
0	25	0	0
0	36	0	0
0	30	0	0
0	30	0	0
0	296	0	0
0	17	0	0
0	69	0	0
0	16	0	0
0	53	0	0
0	24	0	0
0	69	0	0
0	127	0	0
0	623	0	0
0	37	0	0
0	403	0	0
0	100	0	0
0	12	0	0
0	12	0	0
0	3	0	0
0	5	0	0
0	13	0	0
0	6	0	0
0	18	0	0
0	5	0	0
0	5	0	0
0	5	0	0
0	3	0	0
0	5	0	0
0	30	0	0
0	5	0	0
0	5	0	0
0	7	0	0
0	5	0	0
0	5	0	0
0	5	0	0
0	4	0	0
0	5	0	0
0	5	0	0
0	5	0	0
0	5	0	0
0	5	0	0
0	4	0	0
0	26	0	0
0	6	0	0
0	5	0	0
0	4	0	0
0	32	0	0
0	6	0	0
0	3	0	0
0	5	0	0
0	5	0	0
0	5	0	0
0	6	0	0
0	5	0	0
0	11	0	0
0	6	0	0
0	5	0	0
0	10	0	0
0	9	0	0
0	5	0	0
0	4	0	0
0	5	0	0
0	5	0	0
0	5	0	0
0	5	0	0
0	5	0	0
0	5	0	0
0	5	0	0
0	5	0	0
0	5	0	0
0	5	0	0
0	5	0	0
0	5	0	0
0	6	0	0
0	5	0	0
0	6	0	0
0	3	0	0
0	4	0	0
0	6	0	0
0	5	0	0
0	6	0	0
0	5	0	0
0	5	0	0
0	5	0	0
0	5	0	0
0	6	0	0
0	5	0	0
0	5	0	0
0	5	0	0
0	5	0	0
0	5	0	0
0	5	0	0
0	5	0	0
0	5	0	0
0	5	0	0
0	5	0	0
0	5	0	0
0	5	0	0
0	5	0	0
0	5	0	0
0	7	0	0
0	5	0	0
0	5	0	0
0	5	0	0
0	5	0	0
0	5	0	0
0	3	0	0
0	4	0	0
0	8	0	0
0	5	0	0
0	5	0	0
0	5	0	0
0	5	0	0
0	10	0	0
0	6	0	0
0	7	0	0
0	5	0	0
0	8	0	0
0	398	0	0
0	3	0	0
0	4	0	0
0	3	0	0
0	3	0	0
0	4	0	0
0	3	0	0
0	3	0	0
0	4	0	0
0	3	0	0
0	3	0	0
0	3	0	0
0	6	0	0
0	14	0	0
0	485	0	0
0	54	0	0
0	2051	0	0
0	40	0	0
0	272	0	0
0	42	0	0
0	143	0	0
0	150	0	0.194
0	40	0	0
0	6	0	0
0	931	0	0
0	50	0	0
0	18	0	0
0	28	0	0
0	23	0	0
0	511	0	0
0	1031	0	0
0	706	0	0
0	44	0	0
0	35	0	0
0	91	0	0
0	787	0	0
0	11	0	0
0	127	0	0
0	295	0	0
0	128	0	0
0	203	0	0
0	56	0	0
0	3467	0	0
0	4	0	0
0	3	0	0
0	117	0	0
0	7	0	0
0	28	0	0
0	116	0	0
0	14	0	0
0	5	0	0
0	69	0	0
0	582	0	0
0	54	0	0
0	94	0	0
0	113	0	0
0	122	0	0
0	141	0	0
0	141	0	0
0	43	0	0
0	126	0	0
0	207	0	0
0	103	0	0
0	469	0	0
0	99	0	0
0	67	0	0
0	29	0	0
0	89	0	0
0	15	0	0
0	32	0	0
0	20	0	0
0	6	0	0
0	411	0	0
0	500	0	0
0	190	0	0
0	104	0	0
0	249	0	0
0	93	0	0
0	7	0	0
0	316	0	0
0	147	0	0
0	11	0	0
0	22	0	0
0	16	0	0
0	22	0	0
0	5	0	0
0	18	0	0
0	41	0	0
0	53	0	0
0	3	0	0
0	44	0	0
0	330	0	0
0	19	0	0
0	50	0	0
0	81	0	0
0	173	0	0
0	18	0	0
0	29	0	0
0	659	0	0
0	545	0	0
0	27	0	0
0	42	0	0
0	720	0	0
0	109	0	0
0	35	0	0
0	29	0	0
0	12	0	0
0	50	0	0
0	58	0	0
0	12	0	0
0	12	0	0
0	2	0	0
0	204	0	0
0	44	0	0
0	23	0	0
0	112	0	0
0	39	0	0
0	190	0	0
0	12	0	0
0	17	0	0
0	180	0	0
0	73	0	0
0	167	0	0
0	421	0	0
0	8	0	0
0	248	0	0
0	35	0	0
0	49	0	0
0	27	0	0
0	3	0	0
0	17	0	0
0	87	0	0
0	85	0	0
0	120	0	0
0	10	0	0
0	69	0	0
0	74	0	0
0	7	0	0
0	6	0	0
0	130	0	0
0	77	0	0
0	33	0	0
0	136	0	0
0	28	0	0
0	1184	0	0
0	8	0	0
0	575	0	0
0	80	0	0
0	107	0	0
0	393	0	0.033
0	14	0	0
0	16	0	0
0	97	0	0
0	108	0	0
0	75	0	0
0	108	0	0
0	36	0	0
0	3	0	0
0	138	0	0
0	42	0	0
0	53	0	0
0	21	0	0
0	155	0	0
0	107	0	0
0	191	0	0
0	511	0	0
0	85	0	0
0	56	0	0
0	7	0	0
0	605	0	0
0	376	0	0
0	28	0	0
0	49	0	0
0	149	0	0
0	15	0	0
0	31	0.8	0
0	597	0	0
0	54	0	0
0	53	0	0
0	101	0	0
0	28	0	0
0	128	0	0
0	506	0	0
0	34	0	0
0	207	0	0.062
0	76	0	0
0	177	0	0
0	76	0	0
0	31	0	0
0	88	0	0
0	86	0	0
0	4	0	0
0	9	0	0
0	18	0	0
0	98	0	0
0	18	0	0
0	8	0	0
0	93	0	0
0	80	0	0
0	122	0	0
0	208	0	0
0	534	0	0
0	50	0	0
0	48	0	0
0	307	0	0.097
0	18	0	0
0	6	0	0
0	472	0	0
0	88	0	0
0	26	0	0
0	187	0	0
0	63	0	0
0	210	0	0
0	39	0	0
0	45	0	0
0	76	0	0
0	19	0	0
0	189	0	0
0	152	0.24	0
0	19	0	0
0	746	0	0
0	51	0	0
0	5	0	0
0	35	0	0
0	81	0	0
0	6	0	0
0	79	0	0
0	646	0	0
0	256	0	0
0	53	0	0
0	559	0	0
0	120	0	0
0	42	0	0
0	227	0	0
0	59	0	0
0	4	0	0
0	3	0	0
0	738	0	0
0	7	0	0
0	105	0	0
0	25	0	0
0	114	0	0
0	49	0	0
0	10	0	0
0	108	0	0
0	22	0	0
0	665	0	0
0	485	0	0
0	827	0	0
0	598	0	0
0	1387	0	0
0	83	0	0
0	334	0	0
0	124	0	0
0	77	0	0
0	10	0	0
0	77	0.74	0
0	76	0	0
0	12	0	0
0	3003	0	0.008
0	24	0	0
0	290	0	0
0	171	0	0
0	7	0	0
0	461	0	0
0	196	0	0
0	14	0	0
0	237	0	0
0	363	0	0
0	13	0	0
0	540	0	0
0	39	0	0
0	54	0	0
0	42	0	0
0	11	0	0
0	124	0	0
0	629	0	0
0	48	0	0
0	111	0	0
0	576	0	0
0	19	0	0
0	105	0	0
0	30	0	0
0	18	0	0
0	99	0	0
0	25	0	0
0	8	0	0
0	191	0	0
0	120	0	0
0	4	0	0
0	122	0	0
0	17	0	0
0	508	0	0
0	22	0	0
0	106	0	0
0	885	0	0
0	232	0	0
0	146	0	0
0	60	0	0
0	18	0	0
0	45	0	0
0	11	0	0
0	12	0	0
0	277	0	0
0	1056	0	0
0	37	0	0
0	89	0	0
0	125	0	0
0	105	0	0
0	299	0	0
0	7	0	0
0	7	0	0
0	705	0	0
0	61	0	0
0	18	0	0
0	31	0	0
0	95	0	0
0	17	0	0
0	26	0	0
0	82	0	0
0	61	0	0
0	15	0	0
0	591	0	0
0	69	0	0
0	5	0	0
0	181	0	0
0	8	0	0
0	46	0	0
0	33	0	0
0	18	0	0
0	188	0	0
0	108	0	0
0	54	0	0
0	83	0	0
0	76	0	0
0	871	0	0
0	63	0	0
0	135	0	0
0	179	0	0
0	83	0	0
0	19	0	0
0	120	0	0
0	31	0	0
0	30	0	0
0	169	0	0
0	5	0	0
0	140	0	0
0	112	0	0
0	182	0	0
0	65	0	0
0	740	0	0
0	61	0	0
0	53	0	0
0	13	0	0
0	167	0	0
0	78	0	0
0	88	0	0
0	121	0	0
0	74	0	0
0	65	0	0
0	8	0	0
0	37	0	0
0	31	0	0
0	11	0	0
0	55	0	0.199
0	36	0	0
0	87	0	0
0	14	0	0
0	5	0	0
0	68	0.45	0
0	31	0	0
0	53	0	0
0	55	0	0
0	14	0	0
0	9	0	0
0	68	0	0.127
0	25	0	0
0	44	0	0
0	31	0	0
0	32	0	0
0	70	0	0
0	22	0	0
0	51	0	0
0	13	0	0
0	142	0	0
0	5	0	0
0	43	0	0
0	96	0	0
0	6	0	0
0	6	0	0
0	34	0	0
0	9	0	0
0	51	0	0
0	75	0	0
0	24	0	0
0	26	0	0
0	30	0	0
0	137	0	0
0	14	0	0
0	31	0	0
0	8	0	0
0	9	0	0
0	20	0	0
0	14	0	0
0	7	0	0
0	22	0	0
0	16	0	0
0	12	0	0
0	179	0	0
0	45	0	0
0	51	0	0
0	45	0	0
0	30	0	0
0	9	0	0
0	50	0	0
0	7	0	0
0	272	0	0
0	20	0	0
0	24	0	0.371
0	8	0	0
0	30	0	0
0	37	0	0
0	26	0	0
0	10	0	0
0	11	0	0
0	6	0	0
0	29	0	0
0	20	0	0
0	28	0	0
0	183	0	0
0	35	0	0
0	24	0	0
0	14	0	0
0	24	0	0
0	13	0	0
0	134	0	0
0	83	0	0
0	14	0	0
0	9	0	0
0	77	0	0
0	37	0	0
0	97	0	0
0	70	0	0
0	8	0	0
0	74	0	0
0	11	0	0
0	73	0	0
0	49	0	0
0	8	0	0
0	52	0	0
0	27	0	0
0	34	1.16	0
0	226	0	0.05
0	44	0	0
0	24	0	0
0	49	0	0
0	71	0	0
0	425	0	0
0	7	0	0
0	36	0	0
0	30	0	0
0	31	0	0
0	40	0	0
0	16	0	0
0	71	0	0
0	32	0	0
0	19	0	0
0	101	0	0
0	124	0	0
0	5	0	0
0	1310	0	0
0	35	0	0
0	32	0	0
0	97	0	0
0	182	0	0.129
0	39	0	0
0	116	0	0
0	94	0	0
0	74	0	0
0	119	0	0
0	106	0	0
0	83	0	0
0	69	0	0
0	82	0	0
0	191	0	0
0	92	0	0
0	46	0	0
0	91	0	0
0	76	0	0
0	167	0	0
0	109	0	0
0	78	0	0
0	116	0	0
0	328	0	0
0	306	0	0
0	187	0	0
0	192	0	0
0	31	0	0
0	97	0	0
0	56	0	0
0	90	0	0
0	91	0	0
0	83	0	0
0	94	0	0
0	81	0	0
0	90	0	0
0	147	0	0
0	158	0.16	0
0	22	0	0
0	114	0	0
0	83	0	0
0	119	0	0
0	71	0	0
0	52	0	0
0	35	0	0
0	97	0	0
0	137	0	0
0	118	0	0
0	108	0	0
0	39	0	0
0	70	0	0
0	108	0	0
0	84	0	0
0	89	0	0
0	91	0	0
0	26	0	0
0	86	1.83	0
0	91	0	0
0	38	0	0
0	43	0	0
0	22	0	0
0	34	0	0
0	72	0	0.071
0	54	0	0
0	24	0	0
0	23	0	0
0	116	0	0
0	70	0	0
0	159	0.39	0
0	104	1.31	0
0	25	0	0
0	31	0	0
0	290	0	0.056
0	58	1.25	0.109
0	47	0	0
0	101	0	0.039
0	19	0	0
0	18	0	0
0	56	0	0
0	10	0	0
0	35	0	0
0	54	0	0
0	26	0	0
0	8	0	0
0	22	0	0
0	159	0	0.022
0	85	0	0.08
0	33	0	0
0	28	0	0
0	14	0	0
0	15	1.69	0
0	24	0	0
0	16	0	0
0	35	0	0
0	6	0	0
0	42	0	0
0	155	0	0
0	43	0	0
0	80	0.28	0
0	69	0	0
0	41	0.48	0
0	35	0	0
0	118	0	0
0	51	0	0
0	39	0	0
0	118	0	0
0	60	0	0
0	63	0	0
0	32	0	0
0	6	0	0
0	55	0	0
0	47	0.87	0
0	36	0	0
0	39	0	0
0	33	0	0
0	115	0	1.403
0	18	0	0
0	40	0	0
0	359	0	0.507
0	614	0	0.503
0	334	0	0.504
0	328	0	0.592
0	354	0	0.776
0	40	0	0
0	39	0	0
0	35	0	0
0	418	0	0.481
0	24	0	0
0	394	0	0.503
0	96	0	0
0	43	0	0
0	144	0	0
0	29	0	0
0	129	0	0
0	290	0	0.053
0	76	0	0
0	35	0	0
0	99	0	0
0	29	0.56	0.099
0	72	0	0
0	17	0	0
0	228	0	0
0	383	0	0.014
0	11	0	0
0	12	0	0
0	54	0	0
0	123	0	0
0	43	0	0
0	22	0	0
0	37	0	0
0	84	0	0
0	226	0	0
0	40	0.46	0
0	297	0	0
0	49	0	0.12
0	356	0	0.562
0	17	0	0
0	10	0	0
0	412	0	0.482
0	12	0	0
0	31	0	0
0	319	0	0.425
0	328	0	0.439
0	311	0	0.237
0	448	0	0.28
0	266	0	0.441
0	20	0	0
0	28	0	0
0	44	0	0
0	9	0	0
0	9	0	0
0	23	0	0
0	7	9.75	0
0	16	0	0
0	286	0	0
0	128	0	0
0	77	0	0
0	10	0	0
0	136	0	0
0	141	0	0
0	75	0	0
0	77	0	0
0	33	0	0
0	35	0	0
0	26	0	0
0	202	0	0.038
0	83	0	0
0	159	0	0
0	49	0	0
0	82	0	0
0	53	0	0
0	184	0	0
0	71	0	0
0	18	0	0
0	419	0	0.018
0	427	0	0.017
0	201	0	0.09
0	201	0	0.09
0	13	0	0
0	3	0	0
0	100	0	0
0	61	0	0
0	27	0	0
0	169	0	0
0	3	0	0
0	97	0	0
0	121	0	0
0	4	0	0
0	261	0	0
0	5	0	0
0	214	0	0
0	39	0	0
0	7	0	0
0	330	0	0.067
0	17	0	0
0	4	0	0
0	61	0	0
0	9	0	0
0	17	0	0
0	68	0	0
0	3	0	0
0	21	0	0
0	41	0	0
0	32	0	0
0	17	0	0
0	64	0	0
0	165	0	0.075
0	389	0	0
0	27	0	0
0	26	0	0
0	17	0	0
0	14	0	0
0	7	0	0
0	39	0	0
0	41	0	0
0	50	0	0
0	63	0	0
0	285	0.38	0
0	12	0	0
0	18	9.09	0
0	157	0.73	0
0	80	0	0
0	4	0	0
0	76	0	0
0	29	0	0
0	246	0	0
0	4	0	0
0	37	0	0
0	4	0	0
0	24	0	0
0	326	0	0
0	121	0	0
0	136	0	0
0	67	0	0
0	11	0	0
0	172	0	0
0	244	0	0
0	178	0	0
0	195	0	0
0	146	0	0
0	14	0	0
0	60	0	0
0	80	0	0
0	62	0	0
0	59	0	0
0	32	0	0
0	56	0	0
0	41	0	0
0	108	0.33	0
0	69	0	0
0	2	0	0
0	68	0	0.106
0	86	0	0
0	64	0	0
0	70	0.61	0
0	5	0	0
0	40	0	0
0	266	0	0.055
0	289	0	0.054
0	323	0	0.04
0	67	0	0
0	147	0	0
0	16	0	0
0	414	0	0.045
0	300	0	0.053
0	390	0	0.058
0	265	0	0.057
0	128	0	0.099
0	333	0	0.039
0	559	0	0.038
0	314	0	0.044
0	282	0	0
0	282	0	0
0	53	0	0
0	282	0	0
0	285	0	0
0	422	0	0
0	303	0	0.059
0	605	0.08	0
0	80	0	0
0	101	0	0
0	10	0	0
0	28	0	0
0	74	0	0
0	131	0	0
0	45	0	0
0	72	0	0
0	160	0	0
0	8	0	0
0	5	0	0
0	8	0	0
0	207	0	0
0	53	0	0
0	135	0	0
0	49	0	0
0	13	0	0
0	5	0	0
0	51	0	0
0	40	0	0
0	45	0	0
0	7	0	0
0	39	0	0
0	3	0	0
0	29	0	0
0	42	0	0
0	144	0	0
0	77	0	0
0	7	0	0
0	65	0	0
0	6	0	0
0	1	0	0
0	23	0.37	0
0	55	0	0
0	1	0	0
0	311	0	0.056
0	499	0	0.017
0	1315	0	0
0	61	0	0.167
0	18	0	0
0	294	0	0.096
0	122	0	0
0	33	0	0
0	40	0	0
0	55	0	0
0	34	0	0
0	51	0	0
0	54	0	0
0	27	0	0
0	50	0	0
0	61	0	0
0	29	0	0
0	53	0	0
0	34	0	0
0	30	0	0
0	58	0	0
0	27	0	0
0	50	0	0
0	103	0	0
0	68	0	0
0	70	0	0
0	145	0	0
0	180	0	0
0	164	0	0
0	73	0	0.153
0	105	0	0
0	1	0	0
0	50	0	0
0	37	0	0
0	52	0	0
0	329	0	0
0	537	0	0
0	9	0	0
0	82	0	0
0	267	0	0
0	98	0	0.079
0	68	0	0.409
0	14	0	0
0	14	0	0
0	15	0	0
0	25	0	0
0	76	0	0
0	21	0	0.123
0	38	0	0
0	5	0	0
0	32	0	0
0	29	0	0
0	9	0	0
0	11	0	0
0	32	0	0
0	27	0	0
0	6	0	0
0	25	0	0
0	8	0	0
0	106	0	0
0	2	0	0
0	25	0	0
0	10	0	0
0	65	0	0
0	57	0	0
0	5	0	0
0	7	0	0
0	12	0	0
0	14	0	0
0	4	0	0
0	43	0	0
0	60	0	0
0	4	0	0
0	75	0	0
0	69	0	0
0	10	0	0
0	93	0	0.1
0	244	0	0.008
0	54	0	0
0	7	0	0
0	7	0	0
0	28	0	0
0	59	0	0
0	128	0	0
0	55	0	0
0	78	0	0
0	108	0	0
0	90	0	0.096
0	42	0	0
0	38	0	0
0	98	0	0
0	13	0	0
0	137	0	0
0	61	0	0
0	43	0	0
0	64	0	0
0	24	0	0
0	70	0.4	0
0	1789	0	0.202
0	11	0	0
0	46	0	0
0	19	0	0
0	70	0	0
0	123	0	0
0	11	0	0
0	174	0	0.056
0	28	0	0
0	10	0	0
0	22	0	0
0	79	0	0.092
0	8	0	0
0	27	0	0
0	6	0	0
0	19	0	0
0	24	0	0
0	88	0	0
0	14	0	0
0	118	0	0
0	78	0	0
0	40	0	0
